,ICT Mentorship 2023 - ES Review Precision Results,https://www.youtube.com/watch?v=NeZlyG8FZLQ
VM932:1,"ICT Mentorship 2023 - ES Market Review May 17, 2023",https://www.youtube.com/watch?v=qiv8pkcNvGk
VM932:1,2023 ICT Mentorship - ICT Silver Bullet Time Based Trading Model,https://www.youtube.com/watch?v=tRq1hyGGtl4
VM932:1,NQ Futures Review & The ICT Sick Sister Consolidation Model,https://www.youtube.com/watch?v=VSSwM6rDIg0
VM932:1,NDOG - New Day Opening Gap - Part 1,https://www.youtube.com/watch?v=Sh-bDHWNpsk
VM932:1,NWOG - New Week Opening Gap Part 2,https://www.youtube.com/watch?v=BM1mqQv-ypk
VM932:1,ES Review & ICT Funded Challenge Discussion 05/04/2023,https://www.youtube.com/watch?v=F509lJRrYIM
VM932:1,"NQ Futures Review May 02, 2023",https://www.youtube.com/watch?v=St9FJHRVdq8
VM932:1,"Emini S&P 500 Review - April 12, 2023",https://www.youtube.com/watch?v=441vklRYYR4
VM932:1,"Real Money, Real People - ICT Student Meeran",https://www.youtube.com/watch?v=V8OmFCRRzC8
VM932:1,"ICT Emini S&P 500 Review - March 27, 2023",https://www.youtube.com/watch?v=NkwqJBzgQwo
VM932:1,"Real Money, Real People - ICT Student Alex",https://www.youtube.com/watch?v=H6gTzpLtvPA
VM932:1,"Real Money, Real People - ICT Student Kyle",https://www.youtube.com/watch?v=XPYMMSE8DCw
VM932:1,"Real Money, Real People - ICT Student Paladin",https://www.youtube.com/watch?v=KjumlRGELxg
VM932:1,AM Session - Opening Range Gap + Mitigation Block & FVG Entry,https://www.youtube.com/watch?v=UPKUqW_eaas
VM932:1,"Drawdown Mitigation - March 09, 2023 Homework Assignment",https://www.youtube.com/watch?v=JlbQ-Z88NsI
VM932:1,NWOG - New Week Opening Gap,https://www.youtube.com/watch?v=WKKnlIIkBTk
VM932:1,Shorting ES with Wick C.E. & Premium FVG To Discount Sellside Liquidity Premarket,https://www.youtube.com/watch?v=twgtbikJtL0
VM932:1,Institutional Market Structure & Standard Deviations With Buyside Liquidity,https://www.youtube.com/watch?v=g8bhZReDK-Q
VM932:1,"January 31, 2023 PM Session Example \ New Week Opening Gap",https://www.youtube.com/watch?v=MqOVbd1oqZk
VM932:1,"5 Handle Twitter Example Live Execution... January 30, 2023",https://www.youtube.com/watch?v=eTMS36H7HA0
VM932:1,"ICT Mentorship ES Market Review \ January 26, 2023",https://www.youtube.com/watch?v=V1thfpo-R9U
VM932:1,"ICT 2023 Mentorship Analysis \ January 25, 2023",https://www.youtube.com/watch?v=HkiPAi1Mdu8
VM932:1,2023 Mentorship Price Action Review & PM  Session Reversal Model,https://www.youtube.com/watch?v=QKvjPltjsqU
VM932:1,"ICT Emini Futures Review - January 18, 2023",https://www.youtube.com/watch?v=cWekmMLqiNM
VM932:1,When I have to pull out the heavy artillery...,https://www.youtube.com/watch?v=w_mKmVwfqc4
VM932:1,ICT 2023 Mentorship \ ES Live Execution & Mean Threshold Risk Management,https://www.youtube.com/watch?v=tnxvmHq8xEg
VM932:1,ICT Premarket Commentary for Week Ending 01/20/23,https://www.youtube.com/watch?v=w0CYBeFTzcM
VM932:1,"ICT ES Futures Review - January 09, 2023",https://www.youtube.com/watch?v=bGtQOXrrK9c
VM932:1,"ICT Forex Review January 09, 2023",https://www.youtube.com/watch?v=cxdjcXec3eA
VM932:1,January 2023 NonFarm Payroll Review & HTF Concepts,https://www.youtube.com/watch?v=VKkn8uckkW0
VM932:1,"Deep Learning On Nasdaq Futures Trade - January 04, 2023",https://www.youtube.com/watch?v=ojy5ApHhEu4
VM932:1,"ICT Emini NQ Futures Market Maker Live Execution - January 04, 2023",https://www.youtube.com/watch?v=AUbdCTzc19k
VM932:1,"ICT Emini S&P 500 Review / January 03, 2023",https://www.youtube.com/watch?v=GHaD0mebgMU
VM932:1,ICT Mentorship 2023 Ep 01,https://www.youtube.com/watch?v=XN8tuO4QIRw&t=21s
VM932:1,Final Trade of 2022 In Real Time - Tradingview Platform,https://www.youtube.com/watch?v=g1hLPJBse6o
VM932:1,Final Trade of 2022... Enjoy!,https://www.youtube.com/watch?v=PEwlacpjxCg
VM932:1,NQ Futures Live Execution & Trade Management,https://www.youtube.com/watch?v=_GKZoHIJpj0&t=3s
VM932:1,2023 Preview... Precision Inc.,https://www.youtube.com/watch?v=GaFe8LSmtfY
VM932:1,Precision Only Found With Real Algorithmic Theory In Action,https://www.youtube.com/watch?v=SXutdYSa3Zk
VM932:1,Nasdaq Quick Scoping...,https://www.youtube.com/watch?v=flNNEKKcYkM
VM932:1,Share Your Experience With Me & Your ICT Mentorship Journey,https://www.youtube.com/watch?v=ceYv0DVK3ec
VM932:1,ICT Mentorship Core Content - Month 12 - Intraday Top Down Analysis,https://www.youtube.com/watch?v=Oec_0NM_OeY
VM932:1,ICT Mentorship Core Content - Month 12 - Short Term Top Down Analysis,https://www.youtube.com/watch?v=3B7Reg2Yiqs
VM932:1,ICT Mentorship Core Content - Month 12 - Intermediate Term Top Down Analysis,https://www.youtube.com/watch?v=Ad-votrg6WQ
VM932:1,ICT Mentorship Core Content - Month 12 - Long Term Top Down Analysis,https://www.youtube.com/watch?v=eIdnsgq-G7A
VM932:1,ICT Mentorship Core Content - Month 11 - Bond Mega-Trades,https://www.youtube.com/watch?v=At43V93rnDQ
VM932:1,ICT Mentorship Core Content - Month 11 - Stock Mega-Trades,https://www.youtube.com/watch?v=kny8Kpisvoc
VM932:1,ICT Mentorship Core Content - Month 11 - Forex & Currency Mega-Trades,https://www.youtube.com/watch?v=CxwFON8MLB0
VM932:1,ICT Mentorship Core Content - Month 11 - Commodity Mega-Trades,https://www.youtube.com/watch?v=u5S6Zt1ZIpA
VM932:1,ICT Mentorship Core Content - Month 10 - Importance Of Multi-Asset Analysis,https://www.youtube.com/watch?v=gs3KMgz84yc
VM932:1,ICT Mentorship Core Content - Month 10 - Stock Trading - Using Options,https://www.youtube.com/watch?v=cv-fwKKXrwQ
VM932:1,ICT Mentorship Core Content - Month 10 - Stock Trading - Valuation Stock Selection,https://www.youtube.com/watch?v=Pdpx3aSyWos
VM932:1,ICT Mentorship Core Content - Month 10 - Stock Trading - Building Sell Watchlists,https://www.youtube.com/watch?v=dH381VCOVl0
VM932:1,ICT Mentorship Core Content - Month 10 - Stock Trading - Building Buy Watchlists,https://www.youtube.com/watch?v=rcO8-nb3S0Q
VM932:1,ICT Mentorship Core Content - Month 10 - Stock Trading - Seasonals & Monthly Swings,https://www.youtube.com/watch?v=rlTl8QKpqCU
VM932:1,ICT Mentorship Core Content - Month 10 - Index Futures - Index Trade Setups,https://www.youtube.com/watch?v=yWBxZsbmK1U
VM932:1,ICT Mentorship Core Content - Month 10 - Index Futures - Projected Range & Objectives,https://www.youtube.com/watch?v=P5pyzmgZA1s
VM932:1,ICT Mentorship Core Content - Month 10 - Index Futures - PM Trend,https://www.youtube.com/watch?v=qZg_5bac518
VM932:1,ICT Mentorship Core Content - Month 10 - Index Futures - AM Trend,https://www.youtube.com/watch?v=wWCKTEhVp2o
VM932:1,ICT Mentorship Core Content - Month 10 - Index Futures - Basics & Opening Range Concept,https://www.youtube.com/watch?v=ORbtHOUzAIM
VM932:1,ICT Mentorship Core Content - Month 10 - Bond Trading - Trending Days,https://www.youtube.com/watch?v=S0ouOvtjV2I
VM932:1,ICT Mentorship Core Content - Month 10 - Bond Trading - Consolidation Days,https://www.youtube.com/watch?v=RgpxhuVp5Xg
VM932:1,ICT Mentorship Core Content - Month 10 - Bond Trading - Split Session Rules,https://www.youtube.com/watch?v=JpV-J31mxhg
VM932:1,ICT Mentorship Core Content - Month 10 - Bond Trading - Basics & Opening Range Concept,https://www.youtube.com/watch?v=CGbSpa_9Z9Y
VM932:1,ICT Mentorship Core Content - Month 10 - Premium Vs. Carrying Charge Market,https://www.youtube.com/watch?v=WsolkBzpDOQ
VM932:1,ICT Mentorship Core Content - Month 10 - Commodity Seasonals Tendencies - My Personal Favorites,https://www.youtube.com/watch?v=R2NjnYozhdw
VM932:1,ICT Mentorship Core Content - Month 10 - Open Interest Secrets & Smart Money Footprints,https://www.youtube.com/watch?v=qRYkTWePXF0
VM932:1,ICT Mentorship Core Content - Month 10 - Relative Strength Analysis - Accumulation & Distribution,https://www.youtube.com/watch?v=ygtvWKyOzHQ
VM932:1,ICT Mentorship Core Content - Month 10 - Commitment Of Traders,https://www.youtube.com/watch?v=9H4iaaQXV5Y
VM932:1,ICT Mentorship Core Content - Month 09 - ICT Day Trade Routine,https://www.youtube.com/watch?v=cqf8nH54bb8
VM932:1,ICT Mentorship Core Content - Month 09 - Bread & Butter Sell Setups,https://www.youtube.com/watch?v=-oMtfDvc18Y
VM932:1,ICT Mentorship Core Content - Month 09 - Bread & Butter Buy Setups,https://www.youtube.com/watch?v=OVfn-gDk2dE
VM932:1,ICT Mentorship Core Content - Month 09 - Trading Market Reversals,https://www.youtube.com/watch?v=KrGTimL3YRQ
VM932:1,ICT Mentorship Core Content - Month 09 -  Trading In Consolidations,https://www.youtube.com/watch?v=g7jchu4g31c
VM932:1,ICT Mentorship Core Content - Month 09 - 20 Pips Per Day,https://www.youtube.com/watch?v=km0haQkTalc
VM932:1,Bridge Builder - ICT Concepts Overview,https://www.youtube.com/watch?v=qQvEV2dTTW8
VM932:1,ICT Mentorship Core Content - Month 09 - Filling The Numbers,https://www.youtube.com/watch?v=zanmou0ic5U
VM932:1,ICT Mentorship Core Content - Month 09 - The Sentiment Effect,https://www.youtube.com/watch?v=_TNhWRPa6GA
VM932:1,ICT Mentorship Core Content - Month 08 - Integrating Daytrades With HTF Trade Entries,https://www.youtube.com/watch?v=1MnfiqKx5Uo
VM932:1,ICT Mentorship Core Content - Month 08 - High Probability Daytrade Setups,https://www.youtube.com/watch?v=5Z_3NbclMSY
VM932:1,ICT Mentorship Core Content - Month 08 - When To Avoid The London Session,https://www.youtube.com/watch?v=stK2gNqhLaM
VM932:1,ICT Mentorship Core Content - Month 08 - Intraday Profiles,https://www.youtube.com/watch?v=eU8WcUftUtY
VM932:1,ICT Mentorship Core Content - Month 08 - Projecting Daily Highs & Lows,https://www.youtube.com/watch?v=JKzEhfwV1dY
VM932:1,ICT Mentorship Core Content - Month 08 - Central Bank Dealers Range,https://www.youtube.com/watch?v=nI1AMOC1pro
VM932:1,ICT Mentorship Core Content - Month 08 - Defining The Daily Range,https://www.youtube.com/watch?v=_2nUKLAD9ig
VM932:1,ICT Mentorship Core Content - Month 08 - Essentials To ICT Daytrading,https://www.youtube.com/watch?v=-cXnnHjy9s0
VM932:1,ICT Mentorship Core Content - Month 07 - One Shot One Kill Model,https://www.youtube.com/watch?v=LBlK6JB0QS0
VM932:1,ICT Mentorship Core Content - Month 07 - Intraweek Market Reversals & Overlapping Models,https://www.youtube.com/watch?v=jvc105qaCJs
VM932:1,ICT Mentorship Core Content - Month 07 - Short Term Trading Low Resistance Liquidity Runs Part 2,https://www.youtube.com/watch?v=O69iFqP1j7o
VM932:1,ICT Mentorship Core Content - Month 07 - Short Term Trading Low Resistance Liquidity Runs Part 1,https://www.youtube.com/watch?v=y0lVKWLsZeM
VM932:1,ICT Mentorship Core Content - Month 07 - Short Term Trading Blending IPDA Data Ranges & PD Arrays,https://www.youtube.com/watch?v=YV4fEF4d2wA
VM932:1,ICT Mentorship Core Content - Month 07 - Short Term Trading Market Maker Manipulation Templates,https://www.youtube.com/watch?v=hbE8S5FSdtQ
VM932:1,ICT Mentorship Core Content - Month 07 - Short Term Trading Defining Weekly Range Profiles,https://www.youtube.com/watch?v=wFjeUzJys7w
VM932:1,ICT Mentorship Core Content - Month 07 - Short Term Trading Using Monthly & Weekly Ranges,https://www.youtube.com/watch?v=mQA8jCem9d0
VM932:1,ICT Mentorship Core Content - Month 06 - The Million Dollar Swing Setup,https://www.youtube.com/watch?v=VL4YLTRerHY
VM932:1,ICT Mentorship Core Content - Month 06 - Keys To Selecting Markets That Will Move Explosively,https://www.youtube.com/watch?v=Hoo_wTMgdcY
VM932:1,ICT Mentorship Core Content - Month 06 - Reducing Risk & Maximizing Potential Reward In Swing Setups,https://www.youtube.com/watch?v=JAjL7rUX2Iw
VM932:1,ICT Mentorship Core Content - Month 06 - High Probability Swing Trade Setups In Bear Markets,https://www.youtube.com/watch?v=soY9zX3gt2U
VM932:1,ICT Mentorship Core Content - Month 06 - High Probability Swing Trade Setups In Bull Markets,https://www.youtube.com/watch?v=osRUnIpGIJ0
VM932:1,ICT Mentorship Core Content - Month 06 - Classic Swing Trading Approach,https://www.youtube.com/watch?v=g--tikwaupk
VM932:1,ICT Mentorship Core Content - Month 06 - Elements To Successful Swing Trading,https://www.youtube.com/watch?v=Xs1i0aIeTME
VM932:1,ICT Mentorship Core Content - Month 06 - Ideal Swings Conditions For Any Market,https://www.youtube.com/watch?v=0juYnbKays0
VM932:1,ICT Mentorship Core Content - Month 05 - Position Trade Management,https://www.youtube.com/watch?v=okN5p701T7Y
VM932:1,ICT Mentorship Core Content - Month 05 - Limit Order Entry Techniques For Long Term Traders,https://www.youtube.com/watch?v=WDattjFvNBc
VM932:1,ICT Mentorship Core Content - Month 05 - Stop Entry Techniques For  Long Term Traders,https://www.youtube.com/watch?v=vb_Yc-gCBfU
VM932:1,ICT Mentorship Core Content - Month 05 - Trade Conditions & Setup Progressions,https://www.youtube.com/watch?v=Y1oxwc354oo
VM932:1,ICT Mentorship Core Content - Month 05 - Defining HTF PD Arrays,https://www.youtube.com/watch?v=pwO-E-OOH5k
VM932:1,ICT Mentorship Core Content - Month 05 - Money Management,https://www.youtube.com/watch?v=crPpMwgwa7k
VM932:1,ICT Mentorship Core Content - Month 05 - Ideal Seasonal Tendencies,https://www.youtube.com/watch?v=O2Sio7opKxo
VM932:1,ICT Mentorship Core Content - Month 05 - How To Use Bearish Seasonal Tendencies In HTF Analysis,https://www.youtube.com/watch?v=Vb6ueaPqut0
VM932:1,ICT Mentorship Core Content - Month 05 - How To Use Bullish Seasonal Tendencies In HTF Analysis,https://www.youtube.com/watch?v=6Sp-pr3yCkc
VM932:1,ICT Mentorship Core Content - Month 05 - How To Use Intermarket Analysis,https://www.youtube.com/watch?v=4i_hnoEk6lw
VM932:1,ICT Mentorship Core Content - Month 05 - Interest Rate Differentials,https://www.youtube.com/watch?v=w6VlX-rsTUs
VM932:1,The Tough Lessons: Why I Avoid AM Sessions After Large Range Days,https://www.youtube.com/watch?v=md9rxVLjY6A
VM932:1,ICT Mentorship Core Content - Month 05 - Qualifying Trade Conditions With 10 Year Yields,https://www.youtube.com/watch?v=N8_8tEw2_44
VM932:1,ICT Mentorship Core Content - Month 05 - Using 10 Year Notes In HTF Analysis,https://www.youtube.com/watch?v=z-7ypchAMDE
VM932:1,ICT Mentorship Core Content - Month 05 - Defining Institutional Swing Points,https://www.youtube.com/watch?v=xRjKtUEKkSE
VM932:1,ICT Mentorship Core Content - Month 05 - Defining Open Float Liquidity Pools,https://www.youtube.com/watch?v=vqtA1S9JH34
VM932:1,ICT Mentorship Core Content - Month 05 - Using IPDA Data Ranges,https://www.youtube.com/watch?v=LRKtiysz4nA
VM932:1,ICT Mentorship Core Content - Month 05 - Open Float,https://www.youtube.com/watch?v=BkmZgjuYREU
VM932:1,ICT Mentorship Core Content - Month 05 - Quarterly Shifts & IPDA Data Ranges,https://www.youtube.com/watch?v=n7SPAK_tpN8
VM932:1,ICT Mentorship Core Content - Month 04 - Double Bottom Double Top,https://www.youtube.com/watch?v=owq30ATPU5s
VM932:1,ICT Mentorship Core Content - Month 04 - Divergence Phantoms,https://www.youtube.com/watch?v=Xae0VrbkyFk
VM932:1,ICT Mentorship Core Content - Month 04 - ICT Fair Value Gaps FVG,https://www.youtube.com/watch?v=FgacYSN9QEo
VM932:1,ICT Mentorship Core Content - Month 04 - Liquidity Voids,https://www.youtube.com/watch?v=HTQgH11W37o
VM932:1,ICT Mentorship Core Content - Month 04 - Liquidity Pools,https://www.youtube.com/watch?v=Gnw54f9v6SA
VM932:1,ICT Mentorship Core Content - Month 04 - ICT Vacuum Block,https://www.youtube.com/watch?v=shPGUz9pU-A
VM932:1,ICT Mentorship Core Content - Month 04 - ICT Propulsion Block,https://www.youtube.com/watch?v=glu98jAH8vE
VM932:1,ICT Mentorship Core Content - Month 04 - Reclaimed ICT Orderblock,https://www.youtube.com/watch?v=X5pQjfkAUCI
VM932:1,ICT Mentorship Core Content - Month 04 - ICT Rejection Block,https://www.youtube.com/watch?v=oALYX0HCSYw
VM932:1,ICT Mentorship Core Content - Month 04 - ICT Breaker Block,https://www.youtube.com/watch?v=UrS-mtGHtAA
VM932:1,"Live Trade Execution With ""Ends..."" Commentary 09/08/22",https://www.youtube.com/watch?v=fVbJ5vCA-XM
VM932:1,ICT Mentorship Core Content - Month 04 - Mitigation Blocks,https://www.youtube.com/watch?v=FOUzW0QmsfI
VM932:1,ICT Mentorship Core Content - Month 04 - Orderblocks,https://www.youtube.com/watch?v=PIYh0CxoY9c
VM932:1,2022 ICT Mentorship - Ends Series Part 4 of 4,https://www.youtube.com/watch?v=SO3SJFNRim8
VM932:1,ICT Mentorship Core Content - Month 04 - Reinforcing Liquidity Concepts & Price Delivery,https://www.youtube.com/watch?v=npL3ZXJ5zOU
VM932:1,ICT Mentorship Core Content - Month 04 - Interest Rate Effects On Currency Trades,https://www.youtube.com/watch?v=6oQVb0zVxMM
VM932:1,ICT Emini S&P 500 AM Session Review - 09/06/22,https://www.youtube.com/watch?v=y8cKMOHMVb0
VM932:1,ICT Mentorship Core Content - Month 03 - Market Maker Trap Head Shoulders Pattern,https://www.youtube.com/watch?v=w8lbrvZXUVY
VM932:1,ICT Mentorship Core Content - Month 03 - Market Maker Trap Trendline Phantoms,https://www.youtube.com/watch?v=o8NfSK-pUlE
VM932:1,ICT Mentorship Core Content - Month 03 - Macro Economic To Micro Technical,https://www.youtube.com/watch?v=MJwWUd_FM-k
VM932:1,ICT Mentorship Core Content - Month 03 - Institutional Market Structure,https://www.youtube.com/watch?v=GuycI8XubgE
VM932:1,ICT Mentorship Core Content - Month 03 - The Next Setup - Anticipatory Skill Development,https://www.youtube.com/watch?v=9kabTfUEVKg
VM932:1,ICT Emini S&P 500 AM & PM Session Review - 09/02/22,https://www.youtube.com/watch?v=mkAuOOPTEKw
VM932:1,ICT Mentorship Core Content - Month 03 - Institutional Sponsorship,https://www.youtube.com/watch?v=t2VNzJZ4hK4
VM932:1,ICT Emini S&P500 AM & PM Session Review - 09/01/22,https://www.youtube.com/watch?v=wOzyoZD7b7M
VM932:1,ICT Mentorship Core Content - Month 03 - Institutional Order Flow,https://www.youtube.com/watch?v=PQkcFbr61FI
VM932:1,ICT Mentorship Core Content - Month 03 - Timeframe Selection & Defining Setups,https://www.youtube.com/watch?v=UF5J0nEBc0E
VM932:1,ICT Mentorship Core Content - Month 02 - Market Maker Trap False Breakouts,https://www.youtube.com/watch?v=pv2-R-STviA
VM932:1,ICT Mentorship Core Content - Month 02 - Market Maker Trap False Flag,https://www.youtube.com/watch?v=cRbPS3uxkj4
VM932:1,ICT Mentorship Core Content - Month 02 - The Secrets To Selecting High Reward Setups,https://www.youtube.com/watch?v=bftKgceXqYo
VM932:1,ICT Mentorship Core Content - Month 02 - How To Mitigate Losing Trades Effectively,https://www.youtube.com/watch?v=vWDElb65YHg
VM932:1,ICT Mentorship Core Content - Month 02 - No Fear Of Losing,https://www.youtube.com/watch?v=pFdW8wdR9sQ
VM932:1,ICT Mentorship - Core Content - Month 02 - How Traders Make 10% Per Month,https://www.youtube.com/watch?v=pctqB3UD6dk
VM932:1,ICT Mentorship - Core Content -  Month 02 - Framing Low Risk Trade Setups,https://www.youtube.com/watch?v=Zsg8IeBtfu0
VM932:1,ICT Mentorship Core Content - Month 02   Growing Small Accounts,https://www.youtube.com/watch?v=mjVHmE1gVMg
VM932:1,2022 ICT Mentorship - Ends Series Part 3 of 4,https://www.youtube.com/watch?v=_MCYKZGAHmY
VM932:1,ICT Mentorship Core Content - Month 1 - Impulse Price Swings & Market Protraction,https://www.youtube.com/watch?v=K4LtfujVpJs
VM932:1,ICT Mentorship Core Content - Month 1 - Liquidity Runs,https://www.youtube.com/watch?v=22XkhpJR5eA
VM932:1,ICT Mentorship Core Content - Month 1 - Fair Valuation,https://www.youtube.com/watch?v=SiVmoeyOWZE
VM932:1,ICT Mentorship Core Content - Month 1 - Equilibrium Vs. Premium,https://www.youtube.com/watch?v=YuefjnUKQdM
VM932:1,ICT Mentorship Core Content - Month 1 - Equilibrium Vs. Discount,https://www.youtube.com/watch?v=qC0LogyIk2I
VM932:1,ICT Mentorship Core Content - Month 1 - What To Focus On Right Now,https://www.youtube.com/watch?v=B7_cjybYQ0g
VM932:1,ICT Mentorship Core Content - Month 1 - How Market Makers Condition The Market,https://www.youtube.com/watch?v=XwYYWBttWro
VM932:1,ICT Mentorship Core Content - Month 1 - Elements Of A Trade Setup,https://www.youtube.com/watch?v=0LhteuLVuDU
VM932:1,"2022 ICT Mentorship Market Review - August 13, 2022",https://www.youtube.com/watch?v=qwmqUgelxsU
VM932:1,2022 ICT Mentorship - Ends Series Part 2 of 4,https://www.youtube.com/watch?v=Tex87Lo2HdE
VM932:1,"2022 ICT Mentorship Market Review - August 02, 2022",https://www.youtube.com/watch?v=tVTyBlvfwfQ
VM932:1,"2022 ICT Mentorship Market Review - August 01, 2022",https://www.youtube.com/watch?v=sAHZfbAvfYI
VM932:1,2022 ICT Mentorship - Ends Series Vol. 1,https://www.youtube.com/watch?v=ASxSiOi6nJI
VM932:1,"2022 ICT Mentorship Market Commentary - July 28, 2022",https://www.youtube.com/watch?v=RxAAL3mIA2E
VM932:1,"2022 ICT Mentorship Market Review - July 27, 2022",https://www.youtube.com/watch?v=2dhA2cN46lc
VM932:1,"2022 ICT Mentorship Index Market Review - July 26, 2022",https://www.youtube.com/watch?v=uYwtnbx6kz8
VM932:1,"2022 ICT Mentorship Market Review - July 25, 2022",https://www.youtube.com/watch?v=B4BH3sQ47Vc
VM932:1,"2022 ICT Mentorship Market Review - July 22, 2022",https://www.youtube.com/watch?v=pi5_IMAtIfI
VM932:1,"2022 ICT Mentorship Index Market Review - July 19, 2022",https://www.youtube.com/watch?v=jXBuSFBUs2w
VM932:1,"2022 ICT Mentorship Market Review - July 18, 2022",https://www.youtube.com/watch?v=mdYFQIEcG38
VM932:1,"2022 ICT Mentorship Market Review - July 08, 2022",https://www.youtube.com/watch?v=fz9ZDU6bKIc
VM932:1,"ICT Market Review - July 06, 2022",https://www.youtube.com/watch?v=3TVdmXWTCTQ
VM932:1,"ICT Index Futures PM Session Review - July 05, 2022",https://www.youtube.com/watch?v=fq62gXyRRWQ
VM932:1,Index Futures AM Session Review - 06/28/2022,https://www.youtube.com/watch?v=WkCCWJCsB5w
VM932:1,"2022 ICT Mentorship - Index Futures Review June 27, 2022",https://www.youtube.com/watch?v=RQKvizn8WWs
VM932:1,2022 ICT Mentorship Topical Study - Dealing Ranges,https://www.youtube.com/watch?v=s-iqN0h2Fgg
VM932:1,2022 ICT Mentorship - Episode 41 & Final,https://www.youtube.com/watch?v=2XhDi5GoNUI
VM932:1,ICT Index Futures & Forex Review - 06/22/2022,https://www.youtube.com/watch?v=sjw-ev5ixXk
VM932:1,2022 ICT Mentorship Episode 40,https://www.youtube.com/watch?v=koN1ge8bewI
VM932:1,ICT Index Futures AM Session Review - 06/14/2022,https://www.youtube.com/watch?v=B3-zt3HdXVA
VM932:1,ICT Index Futures PM Session Review - 06/13/2022,https://www.youtube.com/watch?v=_ra-GlgdMZU
VM932:1,ICT Index Futures AM Session Review - 06/13/2022,https://www.youtube.com/watch?v=wwKXw3CdGAk
VM932:1,2022 ICT Mentorship Episode 39,https://www.youtube.com/watch?v=yFpHbBnsK_c&t=136s
VM932:1,2022 ICT Mentorship Episode 38,https://www.youtube.com/watch?v=36184dDAqtM
VM932:1,2022 ICT Mentorship Episode 37,https://www.youtube.com/watch?v=HuZurY0ghDI
VM932:1,2022 ICT Mentorship Episode 36,https://www.youtube.com/watch?v=pWnMpdN_g98
VM932:1,2022 ICT Mentorship Episode 35,https://www.youtube.com/watch?v=MdYrslpUezU
VM932:1,2022 ICT Mentorship Episode 34,https://www.youtube.com/watch?v=t8flQP5jy-Q
VM932:1,2022 ICT Mentorship Episode 33,https://www.youtube.com/watch?v=8z6My18WZqA
VM932:1,2022 ICT Mentorship Episode 32,https://www.youtube.com/watch?v=hzoMJQlEv5M
VM932:1,2022 ICT Mentorship Episode 31,https://www.youtube.com/watch?v=OYNpIeu9czw
VM932:1,2022 ICT Mentorship Episode 30,https://www.youtube.com/watch?v=CL94EnGqB4Q
VM932:1,2022 ICT Mentorship Episode 29,https://www.youtube.com/watch?v=QkokVv0owSE
VM932:1,2022 ICT Mentorship Episode 28,https://www.youtube.com/watch?v=j0Z2EbuJXGU
VM932:1,2022 ICT Mentorship Episode 27 - Counter Trend Ideas,https://www.youtube.com/watch?v=gLK4Qm6jte8
VM932:1,Why Phone Trades Aren't Optimal.,https://www.youtube.com/watch?v=-j5ugaZ9pJg
VM932:1,2022 ICT Mentorship Episode 26 - Example Of Tape Reading Practice,https://www.youtube.com/watch?v=k26euOG6zAk
VM932:1,2022 ICT Mentorship Episode 25,https://www.youtube.com/watch?v=CnTXwAuDi9Y&t=1217s
VM932:1,NFP Liquidity Drill,https://www.youtube.com/watch?v=Qx87ZAANzyA
VM932:1,2022 ICT Mentorship Episode 24,https://www.youtube.com/watch?v=nv0ey5UyOmY
VM932:1,2022 ICT Mentorship Episode 23,https://www.youtube.com/watch?v=TV9TfwHXuqs
VM932:1,2022 ICT Mentorship Episode 22,https://www.youtube.com/watch?v=QKc_i90chVg
VM932:1,Tape Reading Preview,https://www.youtube.com/watch?v=EIwGNs9A430
VM932:1,Smart Money Concepts & Chaos,https://www.youtube.com/watch?v=13wMAJSz_2o
VM932:1,Buyside Liquidity Purge & Short Example part 2,https://www.youtube.com/watch?v=ai2WZlA-d_w
VM932:1,2022 ICT Mentorship Episode 21,https://www.youtube.com/watch?v=kmVXVJE08eQ
VM932:1,2022 ICT Mentorship Episode 20,https://www.youtube.com/watch?v=Q6GFu8-Z4rY
VM932:1,2022 ICT Mentorship Episode 19,https://www.youtube.com/watch?v=IEa1N0rTtbc
VM932:1,2022 ICT Mentorship Episode 18,https://www.youtube.com/watch?v=eai0nHhAC8w
VM932:1,2022 ICT Mentorship Episode 17,https://www.youtube.com/watch?v=5WIqHJDQ_p4
VM932:1,My Main Trading Real Estate,https://www.youtube.com/watch?v=93ahm4sQ2qs
VM932:1,2022 ICT Mentorship Episode 16,https://www.youtube.com/watch?v=EpGQnhjXBq8
VM932:1,Real Money Real Results - First Year Trading Expectations Part 3 of 3,https://www.youtube.com/watch?v=qXPZB_H6tVo
VM932:1,Real Money Real Results - First Year Trading Expectations Part 2 of 3,https://www.youtube.com/watch?v=b5SMir6bkP8
VM932:1,Real Money Real Results - First Year Trading Expectations,https://www.youtube.com/watch?v=Fp1VZ0PKYBs
VM932:1,Institutional Order Flow Homework,https://www.youtube.com/watch?v=vtpycWzupjQ
VM932:1,2022 ICT Mentorship Episode 15,https://www.youtube.com/watch?v=tGxuitjtO88
VM932:1,2022 ICT Mentorship Episode 14,https://www.youtube.com/watch?v=NUdu1n-ML98
VM932:1,2022 ICT Mentorship Episode 13,https://www.youtube.com/watch?v=tpPtItWqmlg
VM932:1,2022 ICT Mentorship Episode 12,https://www.youtube.com/watch?v=8GkQfdAXZP0
VM932:1,2022 ICT Mentorship Episode 11,https://www.youtube.com/watch?v=Sqw2bww93Zo
VM932:1,History Repeats & History Tab Tutorial - Show It :),https://www.youtube.com/watch?v=107_rWghTig
VM932:1,2022 ICT Mentorship Episode 10,https://www.youtube.com/watch?v=S9ORTYmXwdE
VM932:1,2022 ICT Mentorship Episode 9,https://www.youtube.com/watch?v=iZLXnNiZm_s
VM932:1,2022 ICT Mentorship Episode 8,https://www.youtube.com/watch?v=7rbV8aWkcqY
VM932:1,2022 ICT Mentorship Episode 7,https://www.youtube.com/watch?v=G8-z91acgG4
VM932:1,Verified Results -  For Those Inquiring,https://www.youtube.com/watch?v=Y8d5-O6ESPo
VM932:1,2022 ICT Mentorship Episode 6,https://www.youtube.com/watch?v=Bkt8B3kLATQ
VM932:1,2022 ICT Mentorship Episode 5,https://www.youtube.com/watch?v=N29ZJ-o31xs
VM932:1,Trading With Family Distractions,https://www.youtube.com/watch?v=-ScCgHOMcqU
VM932:1,2022 ICT Mentorship Episode 4,https://www.youtube.com/watch?v=L-ReMHiavPM
VM932:1,2022 ICT Mentorship Episode 3,https://www.youtube.com/watch?v=nQfHZ2DEJ8c
VM932:1,For Your Peace Of Mind As My Student,https://www.youtube.com/watch?v=jRmH9MHOLgI
VM932:1,2022 ICT Mentorship Episode 2,https://www.youtube.com/watch?v=tmeCWULSTHc
VM932:1,ICT Mentorship 2022 Introduction,https://www.youtube.com/watch?v=kt6V4ai60fI
VM932:1,Bitcoin Review - Community Post Call,https://www.youtube.com/watch?v=4nZVIVhtAys
VM932:1,No Words - No Talking... Just Proof,https://www.youtube.com/watch?v=oz4s-Cttu_M
VM932:1,I Can't Trade Retail: GbpUsd Institutional Order Flow,https://www.youtube.com/watch?v=ZRil_ZLQlD4
VM932:1,Nasdaq New York Session OTE 10/25/21,https://www.youtube.com/watch?v=QklZ1x4GFaU
VM932:1,For John...,https://www.youtube.com/watch?v=dQ1L6O4zCCc
VM932:1,Why Do I Turn The YouTube Comment Section Off?,https://www.youtube.com/watch?v=yYvMWTkZu-s
VM932:1,Forex Price Action Lesson - OTE Fiber 09/22/21,https://www.youtube.com/watch?v=WviTBq8Q40E
VM932:1,ICT Forex - Market Maker Series Vol. 5 of 5,https://www.youtube.com/watch?v=BZ4HVsArJBE
VM932:1,ICT Forex - Market Maker Series Vol. 4 of 5,https://www.youtube.com/watch?v=GVx-yJkehtA
VM932:1,ICT Forex - Market Maker Series Vol. 3 of 5,https://www.youtube.com/watch?v=i8xt0EQDjNY
VM932:1,ICT Forex - Market Maker Series Vol. 2 of 5,https://www.youtube.com/watch?v=5_l311HP87c
VM932:1,ICT Forex - Market Maker Series Vol. 1 of 5,https://www.youtube.com/watch?v=Vh0NtdPPj1M
VM932:1,Forex Trading - What Is The Difference Between Scalps & Day Trades?,https://www.youtube.com/watch?v=F-0G6IGTXHg
VM932:1,Instagram Logic Vs  Interbank Algorithm,https://www.youtube.com/watch?v=Ic1rqvbk99c
VM932:1,My Chart Does All The Talking...,https://www.youtube.com/watch?v=PG04EX_fb2U
VM932:1,"If I Had To Restart Again As A Trader, At 20 Years Old - Part 3",https://www.youtube.com/watch?v=T6YE1CEWsHk
VM932:1,Execution On EurUsd: 30 Pips Asian Range To Buyside Liquidity,https://www.youtube.com/watch?v=i4_TbWVmlpM
VM932:1,"If I Had To Restart Again As A Trader, At 20 Years Old - Part 2",https://www.youtube.com/watch?v=2rFZwUaGxyY
VM932:1,Market Structure Is Not It,https://www.youtube.com/watch?v=AVef-n67Kmw
VM932:1,"If I Had To Restart As A Trader, At 20 Years Old?",https://www.youtube.com/watch?v=WySgjFjWhY0
VM932:1,ICT Forex Scalping Interactive Study,https://www.youtube.com/watch?v=ahTNkvVbPdI
VM932:1,ICT Forex Interactive Learning Experience - Scalping OTE Setups,https://www.youtube.com/watch?v=PrbvJ5Gzh4Q
VM932:1,Why ICT Doesn't Trade NonFarm Payroll,https://www.youtube.com/watch?v=jBCdc2vsmNE
VM932:1,What Trading Books Influenced ICT Early On?,https://www.youtube.com/watch?v=6JUuFDwG-GI
VM932:1,ICT Price Action Lesson: Major Moves With Seasonal Tendencies,https://www.youtube.com/watch?v=BiRjR_kqBC0
VM932:1,ICT On Bitcoin Over 29k - Let's Talk About It,https://www.youtube.com/watch?v=lp9cfZrqwjA
VM932:1,ICT Forex Lesson - Keys To Daily Bias In The Forex Market,https://www.youtube.com/watch?v=RLDLuYaZYI4
VM932:1,ICT Forex Price Action Lesson : Trending Days,https://www.youtube.com/watch?v=PBzd2u4AgbE
VM932:1,"ICT Rant & EurUsd Example For ""Proof"" of concept",https://www.youtube.com/watch?v=iDwYeyxTDiU
VM932:1,ICT Forex Lecture: Revisiting The Friday Asian Range,https://www.youtube.com/watch?v=YYsfAvz0c3o
VM932:1,ICT Price Action Lesson:  Friday Asian Range Concept,https://www.youtube.com/watch?v=7SUa7lw2zTw
VM932:1,ICT Price Action Lecture:  Liquidity Purge & Revert,https://www.youtube.com/watch?v=aWFSvqxEfg8
VM932:1,My View on Gurus Turn Reviewer & Why I Prefer Forex,https://www.youtube.com/watch?v=qWmWCMxaPlY
VM932:1,ICT Price Action:  View Price With Institutional Perception,https://www.youtube.com/watch?v=De64-j3rHlI
VM932:1,ICT Forex Price Action Lecture: Daytrading & Psychology,https://www.youtube.com/watch?v=Utbl3Tv6UEg
VM932:1,Blending Price Patterns With Time & Price Theory [Part 2],https://www.youtube.com/watch?v=HRIXsFHYVmw
VM932:1,Blending Price Patterns With Time & Price Theory,https://www.youtube.com/watch?v=Uh3YMjDeM3E
VM932:1,ICT Price Action Lecture: Non-Farm Payroll Trade Conditions & The Coming Volatility Storm,https://www.youtube.com/watch?v=d1p7-SS0iD8
VM932:1,ICT Forex Trade Review & Losing Trade,https://www.youtube.com/watch?v=nz7Y5lrAqgM
VM932:1,ICT Institutional Price Action: Micro-Market Structure & Time & Price Concepts Part 02,https://www.youtube.com/watch?v=9_qyz3TNcJU
VM932:1,ICT Institutional Price Action - Micro-Market Structure & Time & Price Concepts,https://www.youtube.com/watch?v=q0AxUH5W5FU
VM932:1,"ICT Forex Price Action Lesson:  Trade Review, Brokers & MT4 Scams",https://www.youtube.com/watch?v=AoXOBI0PqCE
VM932:1,ICT Forex Price Action Lesson: Advanced IPDA Insights,https://www.youtube.com/watch?v=_9QfSbpZTZA
VM932:1,ICT Forex Price Action Lesson:  GbpUsd Trade Recap & Price Action Lecture,https://www.youtube.com/watch?v=q1vrarNcnfU
VM932:1,ICT Forex Price Action Lesson:  GbpUsd NYO MMS Model,https://www.youtube.com/watch?v=nj0CMa4pvl4
VM932:1,ICT Forex Price Action Lesson:  London Close GbpUsd Scalp,https://www.youtube.com/watch?v=VhSCEMvUNds
VM932:1,Real Life & Distractions - I'm not exempt from them  :),https://www.youtube.com/watch?v=ES_F4B7OavE
VM932:1,ICT Forex Price Action Lesson:  EurUsd Market Maker Sell Model,https://www.youtube.com/watch?v=EAQmnxWun-c
VM932:1,ICT Forex Price Action Lesson:  Cross Currency Relationships & HTF Institutional Order Flow,https://www.youtube.com/watch?v=PhwmtkNxxcA
VM932:1,ICT Forex Price Action Lesson : GbpUsd London Close Short,https://www.youtube.com/watch?v=APjWO6oFNbk
VM932:1,ICT Forex Price Action Lesson: Orderflow & Volume Imbalances,https://www.youtube.com/watch?v=_j_youagfes
VM932:1,ICT Forex Price Action Lesson : Seek & Destroy Profile,https://www.youtube.com/watch?v=7PwoZyn7Wh4
VM932:1,ICT Forex Lesson - EurUsd NYO Lecture,https://www.youtube.com/watch?v=RRiqh-8gWqA
VM932:1,ICT Forex Price Action Lesson - IPDA Vs. Wyckoff Theory,https://www.youtube.com/watch?v=JmcjMJQPFxs
VM932:1,ICT Forex - Institutional Concepts & Market Making Insights In Action,https://www.youtube.com/watch?v=r_1XhgO0FKk
VM932:1,ICT Forex Trade Example - EurUsd New York Open,https://www.youtube.com/watch?v=JoJwLnZIQj4
VM932:1,ICT Forex Price Action Lesson : EurUsd MRP,https://www.youtube.com/watch?v=R-t2apD7z50
VM932:1,Forex London Close Homework - Silent Study,https://www.youtube.com/watch?v=5NdulSnFFUw
VM932:1,ICT Forex OTE Example : EurUsd,https://www.youtube.com/watch?v=2mtzC7ajUew
VM932:1,What Journals I Use & An Example Entry,https://www.youtube.com/watch?v=OUfb00hsGRA
VM932:1,If I Could Go Back & Tell Myself What I Know Now... Part 4 of 4,https://www.youtube.com/watch?v=aGdx-YmxawQ
VM932:1,If I Could Go Back & Tell Myself What I Know Now... Part 3 of 4,https://www.youtube.com/watch?v=MPlNRxHkh_M
VM932:1,If I Could Go Back & Tell Myself What I Know Now... Part 2 of 4,https://www.youtube.com/watch?v=cwoBv5aI0Vk
VM932:1,If I Could Go Back & Tell Myself What I Know Now... Part 1 of 4,https://www.youtube.com/watch?v=yW2ADr7hG0E
VM932:1,OTE Pattern Recognition Series - Vol. 20,https://www.youtube.com/watch?v=L--1zBIEanY
VM932:1,OTE Pattern Recognition Series - Vol.19,https://www.youtube.com/watch?v=9F-anykT7J0
VM932:1,OTE Pattern Recognition Series - Vol.18,https://www.youtube.com/watch?v=YMt87VQRpNM
VM932:1,OTE Pattern Recognition Series - Vol.17,https://www.youtube.com/watch?v=FNwqw7IiByo
VM932:1,OTE Pattern Recognition Series - Vol.16,https://www.youtube.com/watch?v=ZbkEvNpm-_k
VM932:1,OTE Pattern Recognition Series - Vol. 15,https://www.youtube.com/watch?v=RP6rVMJP4hA
VM932:1,OTE Pattern Recognition Series - Vol. 14,https://www.youtube.com/watch?v=cYzS_kFxv7M
VM932:1,OTE Pattern Recognition Series - Vol. 13,https://www.youtube.com/watch?v=GtTKPt-K9u0
VM932:1,OTE Pattern Recognition Series - Vol. 12,https://www.youtube.com/watch?v=6D3sKabkozk
VM932:1,OTE Pattern Recognition Series - Vol. 11,https://www.youtube.com/watch?v=-k1eBYoajIo
VM932:1,OTE Pattern Recognition Series - Vol. 10,https://www.youtube.com/watch?v=j5x90p55O8A
VM932:1,OTE Pattern Recognition Series - Vol. 09,https://www.youtube.com/watch?v=uqptoSAGS30
VM932:1,OTE Pattern Recognition Series - Vol. 08,https://www.youtube.com/watch?v=ifFDif82Bmg
VM932:1,OTE Pattern Recognition Series - Vol. 07,https://www.youtube.com/watch?v=_x36n9Jc2JQ
VM932:1,OTE Pattern Recognition Series - Vol. 06,https://www.youtube.com/watch?v=Vx25X2sbxPA
VM932:1,OTE Pattern Recognition Series - Vol. 05,https://www.youtube.com/watch?v=t6y637OyiDY
VM932:1,OTE Pattern Recognition Series - Vol. 04,https://www.youtube.com/watch?v=Q0SFXEQqI08
VM932:1,OTE Pattern Recognition Series - Vol. 03,https://www.youtube.com/watch?v=TmbLhchNrAM
VM932:1,OTE Pattern Recognition Series - Vol. 02,https://www.youtube.com/watch?v=v6ATva5DF0I
VM932:1,OTE Pattern Recognition Series - Vol. 01,https://www.youtube.com/watch?v=E9F_aT9f038
VM932:1,Trading Emini S&P 500 Futures,https://www.youtube.com/watch?v=BzYpUDGgfCw
VM932:1,Essentials To ICT Market Structure,https://www.youtube.com/watch?v=xGFCIUFxsbw
VM932:1,Forex Price Action Discussion - AudUsd,https://www.youtube.com/watch?v=5xh6Z1DAO9I
VM932:1,Forex Intraday - Working In Small Ranges,https://www.youtube.com/watch?v=lcsDZW_hxwc
VM932:1,ICT Mentorship - Learn How To Read Forex Price Action,https://www.youtube.com/watch?v=bkt4_qWnVZE
VM932:1,High Probability Forex Day Trading,https://www.youtube.com/watch?v=yUpDZCbNBRI
VM932:1,"Is Forex Intraday Really Just ""Noise""?",https://www.youtube.com/watch?v=0mF1S2NDdNI
VM932:1,The Illusion Of Choice,https://www.youtube.com/watch?v=baYMY7oj2_M
VM932:1,What Makes Trade Setups Low Odds?  Trapped Order Flow,https://www.youtube.com/watch?v=54yWnOON0zQ
VM932:1,GbpUsd New York Session LRLR,https://www.youtube.com/watch?v=ZiNpaXftqPE
VM932:1,Btc Update Dec 30 - Price Delivery & Mastery Example,https://www.youtube.com/watch?v=RjFRTOKGviU
VM932:1,Bitcoin 3900 Short Framework,https://www.youtube.com/watch?v=12rir5pvn00
VM932:1,Bitcoin Technical Talk - PG13,https://www.youtube.com/watch?v=peG_rIahvd0
VM932:1,GbpUsd 1.2665 Run,https://www.youtube.com/watch?v=Bf_9rrIXw7E
VM932:1,ICT Musings On GbpUsd & Bitcoin - Mentorship Level Preview,https://www.youtube.com/watch?v=7wSY70v7Me4
VM932:1,1440 Part 2,https://www.youtube.com/watch?v=fmC14ZvCS3o
VM932:1,1440,https://www.youtube.com/watch?v=Sjc5z0cHuu0
VM932:1,"ICT January 24, 2018",https://www.youtube.com/watch?v=Xy1js9GXy60
VM932:1,"ICT January 17, 2018",https://www.youtube.com/watch?v=OK1Zdyr39wo
VM932:1,"ICT January 13, 2018",https://www.youtube.com/watch?v=xHI6Wd1V8t0
VM932:1,"ICT January 12, 2018",https://www.youtube.com/watch?v=c5pKck9PwsQ
VM932:1,ICT January 2018 NFP - Fiber & Cable Practice,https://www.youtube.com/watch?v=AcKelqKMkr8
VM932:1,"ICT January 08, 2018",https://www.youtube.com/watch?v=1iTBVIuvM3E
VM932:1,"ICT January 03, 2018",https://www.youtube.com/watch?v=_hVCTzVH8iw
VM932:1,ICT On BitCoin,https://www.youtube.com/watch?v=s1cE9klZqmw
VM932:1,ICT Precision Trading Concepts - 3,https://www.youtube.com/watch?v=nMmihrR-0Q0
VM932:1,ICT Precision Trading Concepts - 2,https://www.youtube.com/watch?v=lQDGiZhs5R8
VM932:1,ICT Precision Trading Concepts - 1,https://www.youtube.com/watch?v=nHUtxQj5jks
VM932:1,ICT Forex Scout Sniper Basic Field Guide - Vol. 8,https://www.youtube.com/watch?v=rpowqxnrU_E
VM932:1,ICT Forex Scout Sniper Basic Field Guide - Vol. 7,https://www.youtube.com/watch?v=J_7v2i3ogwk
VM932:1,ICT Forex Scout Sniper Basic Field Guide  - Vol. 6,https://www.youtube.com/watch?v=cMQKz7I9-Qs
VM932:1,ICT Forex Scout Sniper Basic Field Guide - Vol. 5,https://www.youtube.com/watch?v=J2C9vd4-awI
VM932:1,ICT Forex Scout Sniper Basic Field Guide - Vol. 4,https://www.youtube.com/watch?v=AzHBXw3bNfM
VM932:1,ICT Forex Scout Sniper Basic Field Guide -  Vol. 3,https://www.youtube.com/watch?v=LifG37ky-Rg
VM932:1,ICT Forex Scout Sniper Basic Field Guide - Vol. 2,https://www.youtube.com/watch?v=yHBMkm6VXJU
VM932:1,ICT Forex Scout Sniper Basic Field Guide - Vol. 1,https://www.youtube.com/watch?v=qstxYesCTQk
VM932:1,ICT - Trading Plan Development 6,https://www.youtube.com/watch?v=s9bg8JF7rm8
VM932:1,ICT - Trading Plan Development 7,https://www.youtube.com/watch?v=VCcVx5cbAxU
VM932:1,ICT - Trading Plan Development 5,https://www.youtube.com/watch?v=FZ6QIWBu688
VM932:1,ICT - Trading Plan Development 3,https://www.youtube.com/watch?v=6z7H7LB5jGA
VM932:1,ICT - Trading Plan Development 4,https://www.youtube.com/watch?v=P2rRlaZCUlA
VM932:1,ICT - Trading Plan Development 2,https://www.youtube.com/watch?v=QianVH6cyAQ
VM932:1,ICT - Trading Plan Development 1,https://www.youtube.com/watch?v=JOy9KzkLlag
VM932:1,ICT Forex - COT Insights For Effective Price Action Analysis,https://www.youtube.com/watch?v=aWgYCfvnlqM
VM932:1,ICT Forex - Trade Psychology & Effective Journaling,https://www.youtube.com/watch?v=QSqIeu9tjek
VM932:1,ICT Forex - Target Selection & Profit Objectives,https://www.youtube.com/watch?v=nNEt9QTCTtk
VM932:1,ICT Forex - The Weekly Bias - Excellence In Short Term Trading,https://www.youtube.com/watch?v=Yqio1Ja0lIQ
VM932:1,ICT Forex - Secrets To Swing Trading,https://www.youtube.com/watch?v=9CCrlTIrkxw
VM932:1,ICT Forex - Higher Time Frame Concepts,https://www.youtube.com/watch?v=YcAfcpUCbDw
VM932:1,ICT Forex - How To Find Explosive Price Moves Before They Happen,https://www.youtube.com/watch?v=uxsmSMsuleY
VM932:1,ICT Forex - The ICT ATM Method,https://www.youtube.com/watch?v=30petm6SZz0
VM932:1,ICT Forex - The ICT Smart Money Technique or SMT,https://www.youtube.com/watch?v=isXicdayBwA&t=736s
VM932:1,ICT Forex - Trading The Key Swing Points,https://www.youtube.com/watch?v=T0JyGdJ28fM
VM932:1,ICT Forex - Essentials To Trading The Daily Bias,https://www.youtube.com/watch?v=vJvcZGGeTZU
VM932:1,ICT Forex - Money Management That Works,https://www.youtube.com/watch?v=RtMRykCZtC4
VM932:1,ICT Forex - Understanding The ICT Judas Swing,https://www.youtube.com/watch?v=xJMbva8SjzE
VM932:1,ICT Forex - Implementing The Asian Range,https://www.youtube.com/watch?v=JA0mLNJeytY
VM932:1,ICT Weekly Recap & Table Talk Session - 11/17/17,https://www.youtube.com/watch?v=49Nz1pPLEWI
VM932:1,ICT Supplemental Session 01 - Mastering High Probability Scalping,https://www.youtube.com/watch?v=lbAQNxRPXMs
VM932:1,ICT Forex - What New Traders Should Focus On,https://www.youtube.com/watch?v=7WM8qdkanIY
VM932:1,ICT Forex - Considerations In Risk Management,https://www.youtube.com/watch?v=tlKC9nvLRK0
VM932:1,ICT Forex - Accumulation - Manipulation - Distribution,https://www.youtube.com/watch?v=dIT4HTFYGGo
VM932:1,ICT Forex - Time & Price Theory,https://www.youtube.com/watch?v=Sb9m_dxr4bI
VM932:1,ICT Forex - The ICT Asian Killzone,https://www.youtube.com/watch?v=ley5HZs4bUM
VM932:1,ICT Forex - The ICT London Killzone,https://www.youtube.com/watch?v=G8OEsUAoIWE
VM932:1,ICT Forex - The ICT New York Killzone,https://www.youtube.com/watch?v=plNN9n7nrxc
VM932:1,ICT Forex - The ICT London Close  Killzone,https://www.youtube.com/watch?v=3OEUIkkcmLE&t=12s
VM932:1,Asian Session EurUsd Short - London Session AudUsd,https://www.youtube.com/watch?v=fS32XgpDtp0
VM932:1,ICT - Trade Review GbpUsd & Commentary,https://www.youtube.com/watch?v=CA6kWNf3eaM
VM932:1,EurUsd 11/28/17 Review & ICT Mentorship Info,https://www.youtube.com/watch?v=07Fq_OeuonI
VM932:1,ICT W.E.N.T. Series 5 of 5,https://www.youtube.com/watch?v=UQo4v1DREuU
VM932:1,ICT Weekly Scalping Setup Review - 11/25/17,https://www.youtube.com/watch?v=W4XR6X9PdNo
VM932:1,ICT Origins - Power Of 3 Concept,https://www.youtube.com/watch?v=tewJfsm9sRk
VM932:1,ICT On Institutional Price Levels & New Science Of Fib Use,https://www.youtube.com/watch?v=JdHABKIEU1I
VM932:1,ICT - Mastering High Probability Scalping Vol. 3 of 3,https://www.youtube.com/watch?v=UuMaC9n8Uy4
VM932:1,Weekly Summary & Discussion - 11/10/17,https://www.youtube.com/watch?v=ntqw8rgXUss
VM932:1,ICT - Mastering High Probability Scalping Vol.  2 of 3,https://www.youtube.com/watch?v=1Wmh8829mZs
VM932:1,ICT - London OTE Demo Scalping Example - UsdCad,https://www.youtube.com/watch?v=UpyS34voILk
VM932:1,ICT - UsdCad Market Review - Demo Example Long OTE,https://www.youtube.com/watch?v=nBschaCBNLU
VM932:1,ICT - Live Trade Example OTE Short - NFP,https://www.youtube.com/watch?v=S8ztuGt29FM
VM932:1,Post GbpUsd Rate Announcement Commentary,https://www.youtube.com/watch?v=q2B1byYyaO0
VM932:1,ICT - Mastering High Probability Scalping Vol. 1 of 3,https://www.youtube.com/watch?v=uE-aaP16nOw
VM932:1,"ICT Pattern Recognition Drills - October 30, 2017",https://www.youtube.com/watch?v=vAI8TDk2b2Q
VM932:1,Silent ICT Price Action Practice Session Example - Cable,https://www.youtube.com/watch?v=2aoCzJvkAk0
VM932:1,ICT Pattern Recognition Drill - OTE UsdChf New York Session 10/27/17,https://www.youtube.com/watch?v=bF0qdgaWk0Q
VM932:1,ICT Pattern Recognition Drill - OTE Gold New York Session 10/27/17,https://www.youtube.com/watch?v=uiszrzGyUqU
VM932:1,ICT Pattern Recognition Drill - OTE AusUsd New York Session 10/27/17,https://www.youtube.com/watch?v=cb4WiKroyVs
VM932:1,ICT Pattern Recognition Drill - OTE UsdJpy New York Session 10/27/17,https://www.youtube.com/watch?v=RdRaUPb9pgE
VM932:1,ICT Pattern Recognition Drill - OTE UsdCad New York Session 10/27/17,https://www.youtube.com/watch?v=o8snDyA6kok
VM932:1,ICT Pattern Recognition Drill - OTE Fiber EurUsd New York Session,https://www.youtube.com/watch?v=mDk6ZBadNHk
VM932:1,Integrating ICT Concepts - ECB Review,https://www.youtube.com/watch?v=fXLfTI_EQU4
VM932:1,Pattern Recognition - NYO Fiber Long Order Block & OTE,https://www.youtube.com/watch?v=pcw_ty0hqoo
VM932:1,Intraday Scalping Example With Multiple Entries On Order Blocks,https://www.youtube.com/watch?v=6OrxmQfzXK8
VM932:1,ICT W.E.N.T. Series - 4 of 5,https://www.youtube.com/watch?v=0s9V43fVshc
VM932:1,ICT Development Concept: Scalping Exercise,https://www.youtube.com/watch?v=xl6WdAUV1hE
VM932:1,Pattern Recognition - London Close OTE Short - Fiber,https://www.youtube.com/watch?v=x39H7GJggoc
VM932:1,ICT W.E.N.T. Series - Part 3 of 5,https://www.youtube.com/watch?v=VLyLPaLrKos
VM932:1,Pattern Recognition - Breakers & Market Structure,https://www.youtube.com/watch?v=Nl-eKxgPWI4
VM932:1,What Do ICT Tutorials Teach You?,https://www.youtube.com/watch?v=l0RCVr_QSpM
VM932:1,ICT W.E.N.T. Series - Part 2 of 5,https://www.youtube.com/watch?v=yMOVHcw3-Rc
VM932:1,ICT W.E.N.T. Series - Part 1 of 5,https://www.youtube.com/watch?v=7B6UPKvJG60
VM932:1,Pattern Recognition - Failed OTE & FOMC Mitigation Example,https://www.youtube.com/watch?v=XrXgtl2HBzw
VM932:1,Pattern Recognition - London Open OTE & Order Block,https://www.youtube.com/watch?v=_MlDomtI4h0
VM932:1,Pattern Recognition - Aussie OTE NYO,https://www.youtube.com/watch?v=OuwluDkvbxc
VM932:1,Pattern Recognition - Fiber OTE NYO and Asian Session,https://www.youtube.com/watch?v=aQrd75xwBS4
VM932:1,Anticipating OTE Patterns - Early Entries,https://www.youtube.com/watch?v=M27EOgtHhis
VM932:1,Fiber Short - Asian Session Example,https://www.youtube.com/watch?v=cZ8wPPBptAo
VM932:1,OTE Primer - Intro To ICT Optimal Trade Entry,https://www.youtube.com/watch?v=Cg0-CFJOJvg
VM932:1,UsdCad Commentary,https://www.youtube.com/watch?v=PPRuKsrsfS0
VM932:1,Building Equity In Short Term Timeframes - No Audio,https://www.youtube.com/watch?v=iN8sCjiR1Bs
VM932:1,Breaking Bad Habits Webinar & Intraday Scalp Example,https://www.youtube.com/watch?v=mV1y9jIYyIU